Ref,Name,Description,Dynamic Behaviour,Default State,Error State,Content Rules
1,Indicator icon,The icon indicate this is an alert,N/A,N/A,N/A,N/A
2,Description,Describe what’s happening and what the user needs to know,N/A,N/A,N/A,"1. Alert banner messaging should be clear and efficient
2. Use either a short phrase or phrases that describes what’s happening and what the user needs to know
3. When possible, provide an action the user can take to remedy the situation.
4. Do not include periods for short phrases or single sentences"
3,Link,A action or a source link,Link is optional,N/A,N/A,N/A
4,Close button,This button allows the user to close the banner alert,Clicking on the cross button can close the the banner alert,N/A,N/A,N/A
5,Container,The banner alert container,"1. Red color means error
2. Yellow color means warning
3. Blue color means information
4. Green color means success",N/A,N/A,N/A