Name,Content Rules,Default State,Description,Dynamic Behaviour,Error State,Ref
Link,N/A,N/A,A action or a source link,Link is optional,N/A,3
Image,N/A,N/A,The icon indicate this is an alert,N/A,N/A,1
Description,"1. Alert banner messaging should be clear and efficient
2. Use either a short phrase or phrases that describes what’s happening and what the user needs to know
3. When possible, provide an action the user can take to remedy the situation.
4. Do not include periods for short phrases or single sentences",N/A,Describe what’s happening and what the user needs to know,N/A,N/A,2
Close button,N/A,N/A,This button allows the user to close the banner alert,Clicking on the cross button can close the the banner alert,N/A,4
Container,N/A,N/A,The banner alert container,"1. Red color means error
2. Yellow color means warning
3. Blue color means information
4. Green color means success",N/A,5
,,,,,,