Number,Name,Description,Dynamic Behavior,Default State,Error State,Content Rules
11,Batch actions,"Batch actions are functions that are performed on multiple items within a table.

Actions include but not limited to: Favourite, Share, Edit, Export, Duplicate, Delete etc.","Once the user selects at least one row from the table, the batch action bar appears at the top of the table, presenting the user with actions they can take. 

Actions that are not selectable should not be displayed. (Do not show disabled state actions)

The search bar, filter chips, and global actions are replaced by the bulk action options.

To exit or escape “batch action mode”, the user can deselect all the items.

When entering into ""batch action mode"", forbid all inline actions.
When enter into ""batch action mode"", hide pagination to let users focus on the current selection task.

Support hotkey “command” to do multi-select.",N/A,N/A,N/A
12,Bulk edit,This allows users can change the column value at once with multi-select rows,"Clicking on the Edit button will display the dropdown menu to select a column property that users want to edit Object%20Table%20309374cae3fa8113b439c8bb096e0478.mdObject%20Table%20309374cae3fa8113b439c8bb096e0478.md

Click on the menu will open a dialog box to let users to select a value to change. Object%20Table%20309374cae3fa8113b439c8bb096e0478.mdObject%20Table%20309374cae3fa8113b439c8bb096e0478.md

When there is one column could be edit, the button name could be that column action. Object%20Table%20309374cae3fa8113b439c8bb096e0478.mdObject%20Table%20309374cae3fa8113b439c8bb096e0478.mdObject%20Table%20309374cae3fa8113b439c8bb096e0478.md

Do not display any actions when there are no common actions for multi-select.Object%20Table%20309374cae3fa8113b439c8bb096e0478.md",N/A,"When certain columns cannot be updated, after users click the 'Update' button, we update all the columns that are eligible for update. Subsequently, an error alert is displayed to inform users about the columns that cannot be updated. Object%20Table%20309374cae3fa8113b439c8bb096e0478.mdObject%20Table%20309374cae3fa8113b439c8bb096e0478.md",N/A